示范县,商品名称,链接,重量（斤）
安徽巢湖,巢湖稻虾米,https://item.taobao.com/item.htm?spm=a230r.1.14.21.40534080BTaSRU&id=631612032416&ns=1&abbucket=12#detail,50
安徽巢湖,巢湖稻虾米,https://item.taobao.com/item.htm?spm=a230r.1.14.3.57fc7d48PtOcVr&id=638509436578&ns=1&abbucket=13#detail,50
安徽巢湖,巢湖稻虾米,https://item.jd.com/10042277644803.html,50
安徽巢湖,巢湖稻虾米,https://item.jd.com/10033573567269.html,50
安徽巢湖,巢湖稻虾米,https://item.jd.com/10047604731614.html,50
安徽巢湖,巢湖稻虾米,https://item.jd.com/10045245954844.html,50
安徽巢湖,巢湖稻虾米,https://item.jd.com/10033522605423.html,50
安徽巢湖,巢湖稻虾米,https://item.taobao.com/item.htm?spm=a1z10.1-c.w4004-21807002084.7.1458af174fFyIM&id=636005374398,10
江西万年,万年贡蟹田丝苗米,https://item.jd.com/3948513.html,10
江西万年,万年贡蟹田丝苗米,https://item.jd.com/10044285208479.html,10
江西万年,万年贡蟹田丝苗米,https://item.jd.com/10037731135851.html,10
江西万年,万年贡蟹田丝苗米,https://item.jd.com/10045146262500.html,10
江西万年,万年贡蟹田丝苗米,https://item.jd.com/10044877068792.html,10
江西万年,万年贡蟹田丝苗米,https://item.jd.com/10044060277260.html,10
江西万年,万年贡蟹田丝苗米,https://detail.tmall.com/item.htm?spm=a230r.1.14.18.51626186k4dVK3&id=551320017113&ns=1&abbucket=14,10
江西万年,万年贡蟹田丝苗米,https://item.taobao.com/item.htm?spm=a230r.1.14.24.51626186k4dVK3&id=661934756036&ns=1&abbucket=14#detail,10
江西万年,万年贡蟹田丝苗米,https://detail.tmall.com/item.htm?spm=a230r.1.14.162.5db51b6cVQiMi2&id=632020187455&ns=1&abbucket=5,20
湖北仙桃,仙桃香米,https://item.jd.com/10038453425735.html,10
湖北仙桃,仙桃香米,https://item.jd.com/10045359779981.html,10
湖北仙桃,仙桃香米,https://detail.tmall.com/item.htm?spm=a220m.1000858.1000725.1.7e0a6115DCBRPX&id=652394639487&skuId=4906976102267&areaId=310100&user_id=2212301944237&cat_id=2&is_b=1&rn=64e6f8f31c46c6c4d46cb676b8f89868,10
湖北仙桃,仙桃香米,https://item.taobao.com/item.htm?spm=a230r.1.14.125.47cd48877KUf6L&id=670524154960&ns=1&abbucket=8#detail,10
湖北仙桃,仙桃香米,https://item.taobao.com/item.htm?spm=a230r.1.14.22.47cd48877KUf6L&id=576297056564&ns=1&abbucket=8#detail,50
湖北仙桃,仙桃香米,https://item.taobao.com/item.htm?spm=2013.1.0.0.5b9b6228XDkbAX&id=15869837123,50
湖北仙桃,仙桃香米,https://item.taobao.com/item.htm?spm=a230r.1.14.185.3bfc7cdcA4v95c&id=577400985208&ns=1&abbucket=8#detail,50
湖北仙桃,仙桃香米,https://item.taobao.com/item.htm?spm=a230r.1.14.38.47cd48877KUf6L&id=19475444314&ns=1&abbucket=8#detail,20
湖北仙桃,仙桃香米,https://item.taobao.com/item.htm?spm=a230r.1.14.115.47cd48877KUf6L&id=610077043339&ns=1&abbucket=8#detail,10
湖北仙桃,仙桃香米,https://item.taobao.com/item.htm?spm=a230r.1.14.121.3bfc7cdcA4v95c&id=659456622147&ns=1&abbucket=8#detail,10
,黑龙江五常大米,https://item.jd.com/100009148126.html#crumb-wrap,10
,黑龙江五常大米,https://item.jd.com/10036328086452.html,10
,黑龙江五常大米,https://item.jd.com/100011002920.html,10
,黑龙江五常大米,https://item.jd.com/100021012536.html,10
,黑龙江五常大米,https://detail.tmall.com/item.htm?spm=a230r.1.14.93.45306046BTy1Uq&id=634840996132&ns=1&abbucket=8,10
,黑龙江五常大米,https://detail.tmall.com/item.htm?spm=a230r.1.14.28.45306046BTy1Uq&id=616803244044&ns=1&abbucket=8,20
,黑龙江五常大米,https://chaoshi.detail.tmall.com/item.htm?spm=a230r.1.14.34.45306046BTy1Uq&id=547205494186&ns=1&abbucket=8&skuId=4905510714510,20
,黑龙江五常大米,https://chaoshi.detail.tmall.com/item.htm?spm=a230r.1.14.58.45306046BTy1Uq&id=613755663712&ns=1&abbucket=8&skuId=4731547344864,20
,黑龙江五常大米,https://detail.tmall.com/item.htm?spm=a230r.1.14.64.45306046BTy1Uq&id=620334238453&ns=1&abbucket=8,20
,黑龙江五常大米,https://detail.tmall.com/item.htm?spm=a230r.1.14.99.45306046BTy1Uq&id=632838066951&ns=1&abbucket=8&skuId=4591168305651,50
,金龙鱼苏北大米,https://item.jd.com/920015.html,10
,金龙鱼苏北大米,https://item.jd.com/100011600461.html,10
,金龙鱼苏北大米,https://item.jd.com/10021044565129.html,10
,金龙鱼苏北大米,https://item.jd.com/10044448009229.html,10
,金龙鱼苏北大米,https://item.jd.com/10042587228937.html,10
,金龙鱼苏北大米,https://chaoshi.detail.tmall.com/item.htm?spm=a220m.1000858.1000725.1.575d4bc28QwxLn&id=12368769027&skuId=null&areaId=310100&user_id=725677994&cat_id=2&is_b=1&rn=93b7b382ebc531698adcd6e769735807,10
,金龙鱼苏北大米,https://detail.tmall.com/item.htm?spm=a220m.1000858.1000725.26.575d4bc28QwxLn&id=655134300309&areaId=310100&user_id=2202785862890&cat_id=2&is_b=1&rn=93b7b382ebc531698adcd6e769735807,5
,金龙鱼苏北大米,https://detail.tmall.com/item.htm?spm=a220m.1000858.1000725.11.575d4bc28QwxLn&id=667961372556&areaId=310100&user_id=2212577271800&cat_id=2&is_b=1&rn=93b7b382ebc531698adcd6e769735807,8
安徽巢湖,巢湖中垾番茄,https://item.taobao.com/item.htm?spm=2832y.1.14.6.756635e84kA6a6&id=578176656849&ns=1&abbucket=17#detail,3
安徽巢湖,巢湖中垾番茄,https://item.taobao.com/item.htm?spm=2334y.1.14.21.603b5608DEDQix&id=656875357155&ns=1&abbucket=14#detail,3
安徽巢湖,巢湖中垾番茄,https://item.taobao.com/item.htm?spm=a230r.1.14.36.141b30782cP2QD&id=551243087614&ns=1&abbucket=10#detail,5
安徽巢湖,巢湖中垾番茄,https://item.taobao.com/item.htm?spm=a230r.1.14.41.141b30782cP2QD&id=634293018645&ns=1&abbucket=10#detail,5
安徽巢湖,巢湖中垾番茄,https://item.taobao.com/item.htm?spm=a230r.1.14.66.141b30782cP2QD&id=664035213982&ns=1&abbucket=10#detail,5
,陕西泾阳普罗旺斯番茄,https://item.jd.com/10043788952438.html,5
,陕西泾阳普罗旺斯番茄,https://item.jd.com/10026808348416.html,5
,陕西泾阳普罗旺斯番茄,https://item.taobao.com/item.htm?spm=1206a.1.14.11.1af6611bsGSgQ4&id=639411009339&ns=1&abbucket=11#detail,5
,陕西泾阳普罗旺斯番茄,https://item.taobao.com/item.htm?spm=1206a.1.14.29.1af6611bsGSgQ4&id=666360534991&ns=1&abbucket=11#detail,5
,陕西泾阳普罗旺斯番茄,https://item.taobao.com/item.htm?spm=1206a.1.14.94.1af6611bsGSgQ4&id=589400590897&ns=1&abbucket=11#detail,4
,陕西泾阳普罗旺斯番茄,https://item.taobao.com/item.htm?spm=1206a.1.14.148.1af6611bsGSgQ4&id=670223935133&ns=1&abbucket=11#detail,5
,陕西泾阳普罗旺斯番茄,https://detail.tmall.com/item.htm?spm=1206a.1.14.58.1af6611bsGSgQ4&id=669070966148&ns=1&abbucket=11&skuId=4990698435398,5
,攀枝花普罗旺斯番茄,https://detail.tmall.com/item.htm?spm=a220m.1000858.1000725.11.6c0c70a33iYmxs&id=662462585013&skuId=4953955883534&areaId=310100&user_id=4036936619&cat_id=2&is_b=1&rn=784925dd3f4eeec81ba534b3846648f1,5
,攀枝花普罗旺斯番茄,https://detail.tmall.com/item.htm?spm=a220m.1000858.1000725.26.6c0c70a33iYmxs&id=671048126426&skuId=4829401517971&areaId=310100&user_id=2211377496386&cat_id=2&is_b=1&rn=784925dd3f4eeec81ba534b3846648f1,5
,攀枝花普罗旺斯番茄,https://detail.tmall.com/item.htm?spm=a220m.1000858.1000725.66.6c0c70a33iYmxs&id=670612407280&skuId=4992598306094&areaId=310100&user_id=2207974172669&cat_id=2&is_b=1&rn=784925dd3f4eeec81ba534b3846648f1,5
,攀枝花普罗旺斯番茄,https://detail.tmall.com/item.htm?spm=a220m.1000858.1000725.281.6c0c70a33iYmxs&id=670955095009&skuId=4994801050970&areaId=310100&user_id=3015214310&cat_id=2&is_b=1&rn=784925dd3f4eeec81ba534b3846648f1,5
,攀枝花普罗旺斯番茄,https://detail.tmall.com/item.htm?spm=a220m.1000858.1000725.1.6c0c70a33iYmxs&id=670718037126&skuId=4829427869116&areaId=310100&user_id=2211377496386&cat_id=2&is_b=1&rn=784925dd3f4eeec81ba534b3846648f1,6
,新疆吐鲁番普罗旺斯番茄,https://item.taobao.com/item.htm?spm=a230r.1.14.16.4821793238NoxN&id=592732219405&ns=1&abbucket=19#detail,5
,新疆吐鲁番普罗旺斯番茄,https://item.taobao.com/item.htm?spm=a230r.1.14.22.4821793238NoxN&id=639901958515&ns=1&abbucket=19#detail,5
,新疆吐鲁番普罗旺斯番茄,https://detail.tmall.com/item.htm?spm=a230r.1.14.13.338e4e50ERIY6s&id=639097664901&ns=1&abbucket=19&skuId=4587656204586,5
,新疆吐鲁番普罗旺斯番茄,https://item.taobao.com/item.htm?spm=a230r.1.14.54.338e4e50ERIY6s&id=670280809094&ns=1&abbucket=19#detail,5
,新疆吐鲁番普罗旺斯番茄,https://detail.tmall.com/item.htm?spm=a230r.1.14.48.338e4e50ERIY6s&id=670708769998&ns=1&abbucket=19&skuId=4997955090089,5
,新疆吐鲁番普罗旺斯番茄,https://item.taobao.com/item.htm?spm=a230r.1.14.43.338e4e50ERIY6s&id=671292959929&ns=1&abbucket=19#detail,5
,新疆吐鲁番普罗旺斯番茄,https://detail.tmall.com/item.htm?spm=a230r.1.14.37.338e4e50ERIY6s&id=669449325876&ns=1&abbucket=19&skuId=4993370099500,5
,新疆吐鲁番普罗旺斯番茄,https://detail.tmall.com/item.htm?spm=a230r.1.14.31.338e4e50ERIY6s&id=639131212227&ns=1&abbucket=19&skuId=4592684105284,5
,新疆吐鲁番普罗旺斯番茄,https://item.taobao.com/item.htm?spm=a230r.1.14.25.338e4e50ERIY6s&id=668904244384&ns=1&abbucket=19#detail,5
,新疆吐鲁番普罗旺斯番茄,https://item.taobao.com/item.htm?spm=a230r.1.14.19.338e4e50ERIY6s&id=667336135150&ns=1&abbucket=19#detail,5
,新疆吐鲁番普罗旺斯番茄,https://item.jd.com/10044805070945.html#crumb-wrap,5
,新疆吐鲁番普罗旺斯番茄,https://item.jd.com/10037947725343.html,5
,新疆吐鲁番普罗旺斯番茄,https://item.jd.com/10030003508211.html,5
,新疆吐鲁番普罗旺斯番茄,https://item.jd.com/10045335912323.html#crumb-wrap,5
,山东普罗旺斯西红柿,https://item.taobao.com/item.htm?spm=a230r.1.14.22.5fed2756U8LN87&id=666937078363&ns=1&abbucket=10#detail,5
,山东普罗旺斯西红柿,https://detail.tmall.com/item.htm?spm=a230r.1.14.27.5fed2756U8LN87&id=587851556067&ns=1&abbucket=10&skuId=4826272920929,3
,山东普罗旺斯西红柿,https://detail.tmall.com/item.htm?spm=a230r.1.14.57.5fed2756U8LN87&id=632927666401&ns=1&abbucket=10&skuId=4834529564177,3
,山东普罗旺斯西红柿,https://item.taobao.com/item.htm?spm=a230r.1.14.87.5fed2756U8LN87&id=571257050209&ns=1&abbucket=10#detail,3
,山东普罗旺斯西红柿,https://detail.tmall.com/item.htm?spm=a230r.1.14.120.5fed2756U8LN87&id=669750822371&ns=1&abbucket=10,3
,山东普罗旺斯西红柿,https://item.taobao.com/item.htm?spm=a230r.1.14.212.5fed2756U8LN87&id=669856645652&ns=1&abbucket=10#detail,4.5
,山东普罗旺斯西红柿,https://item.jd.com/10044805116325.html#crumb-wrap,3
,山东普罗旺斯西红柿,https://detail.tmall.com/item.htm?spm=a230r.1.14.16.5fed2756U8LN87&id=586265186253&ns=1&abbucket=10,4.5
,山东普罗旺斯西红柿,https://detail.tmall.com/item.htm?spm=a230r.1.14.39.5fed2756U8LN87&id=638344970181&ns=1&abbucket=10,4.5
,山东普罗旺斯西红柿,https://item.jd.com/67001904318.html,4.5
,山东普罗旺斯西红柿,https://item.jd.com/10030967238851.html,5
江西上高,上高富硒大米,https://item.jd.com/10039352558199.html,10
江西上高,上高富硒大米,https://item.jd.com/10039353309283.html,10
江西上高,上高富硒大米,https://item.jd.com/28716983155.html,10
江西上高,上高富硒大米,https://item.jd.com/28717395062.html,5
江西丰城,乡意浓江西丰城大米,https://item.jd.com/49081585981.html,10
江西丰城,乡意浓江西丰城大米,https://item.jd.com/10044317324657.html#crumb-wrap,10
江西丰城,乡意浓江西丰城大米,https://item.jd.com/10037164141764.html#crumb-wrap,10
江西丰城,乡意浓江西丰城大米,https://item.jd.com/10034361013720.html#crumb-wrap,10
江西丰城,乡意浓江西丰城大米,https://item.jd.com/10044317324657.html#crumb-wrap,10
江西丰城,乡意浓江西丰城大米,https://item.jd.com/10036696458146.html#crumb-wrap,10
江西丰城,乡意浓江西丰城大米,https://item.jd.com/10045021323895.html#crumb-wrap,10
江西丰城,乡意浓江西丰城大米,https://item.jd.com/10046944465208.html#crumb-wrap,10
江西丰城,乡意浓江西丰城大米,https://item.jd.com/10047803706758.html#crumb-wrap,10
江西丰城,乡意浓江西丰城大米,https://item.jd.com/10046084901507.html#crumb-wrap,10
江西丰城,乡意浓江西丰城大米,https://detail.tmall.com/item.htm?spm=a230r.1.14.3.1e075b2dQk1t0u&id=535959600243&ns=1&abbucket=18,10
江西丰城,乡意浓江西丰城大米,https://item.taobao.com/item.htm?spm=a230r.1.14.9.1e075b2dQk1t0u&id=640351373414&ns=1&abbucket=18#detail,10
江西丰城,乡意浓江西丰城大米,https://item.taobao.com/item.htm?spm=a230r.1.14.24.1e075b2dQk1t0u&id=603259427270&ns=1&abbucket=18#detail,10
江西丰城,乡意浓江西丰城大米,https://item.taobao.com/item.htm?spm=a230r.1.14.29.1e075b2dQk1t0u&id=669579629141&ns=1&abbucket=18#detail,10
江西丰城,乡意浓江西丰城大米,https://item.taobao.com/item.htm?spm=a230r.1.14.44.1e075b2dQk1t0u&id=618880395811&ns=1&abbucket=18#detail,10
,东北富硒大米,https://item.jd.com/11166801840.html,10
,东北富硒大米,https://item.jd.com/10037177088077.html#crumb-wrap,10
,东北富硒大米,https://item.jd.com/100030033024.html,10
,东北富硒大米,https://item.jd.com/100009086639.html,10
,东北富硒大米,https://item.jd.com/100033507356.html,10
,东北富硒大米,https://item.jd.com/10032830037534.html,10
,东北富硒大米,https://item.jd.com/100017919535.html,10
,东北富硒大米,https://item.jd.com/100016451321.html,10
,广西富硒大米,https://item.taobao.com/item.htm?spm=a230r.1.14.51.6a0a962bi6i9xw&id=640538441880&ns=1&abbucket=8#detail,10
,广西富硒大米,https://item.jd.com/72011710136.html,10
,广西富硒大米,https://item.jd.com/68503011082.html,10
,广西富硒大米,https://item.taobao.com/item.htm?spm=a230r.1.14.82.6a0a962bi6i9xw&id=582853819148&ns=1&abbucket=8#detail,5
,广西富硒大米,https://item.taobao.com/item.htm?spm=a230r.1.14.72.6a0a962bi6i9xw&id=600120614519&ns=1&abbucket=8#detail,5
,广西富硒大米,https://item.taobao.com/item.htm?spm=a230r.1.14.77.6a0a962bi6i9xw&id=670436402279&ns=1&abbucket=8#detail,5
,广西富硒大米,https://detail.tmall.com/item.htm?spm=a230r.1.14.61.6a0a962bi6i9xw&id=617103846695&ns=1&abbucket=8,5
,广西富硒大米,https://detail.tmall.com/item.htm?spm=a230r.1.14.40.6a0a962bi6i9xw&id=582533937412&ns=1&abbucket=8,5
,广西富硒大米,https://item.jd.com/72011710137.html,5
,恩施富硒大米,https://item.jd.com/10042051008311.html,10
,恩施富硒大米,https://item.jd.com/10041975779940.html#crumb-wrap,10
,恩施富硒大米,https://item.jd.com/10042051008311.html#crumb-wrap,10
,恩施富硒大米,https://item.jd.com/10046461786128.html,10
,恩施富硒大米,https://item.jd.com/10031059017167.html,10
,恩施富硒大米,https://item.jd.com/10048495349591.html,10
,恩施富硒大米,https://item.jd.com/10047803212254.html,10
,恩施富硒大米,https://item.taobao.com/item.htm?spm=a230r.1.14.31.696a52c3DaljI5&id=575409668997&ns=1&abbucket=8#detail,10
,恩施富硒大米,https://item.taobao.com/item.htm?spm=a230r.1.14.41.696a52c3DaljI5&id=638986592778&ns=1&abbucket=8#detail,10
,恩施富硒大米,https://item.taobao.com/item.htm?spm=a230r.1.14.46.696a52c3DaljI5&id=662098801323&ns=1&abbucket=8#detail,10
,恩施富硒大米,https://detail.tmall.com/item.htm?spm=a230r.1.14.51.696a52c3DaljI5&id=630411094448&ns=1&abbucket=8,10
,恩施富硒大米,https://item.jd.com/10046246180785.html,5
,恩施富硒大米,https://item.jd.com/10047864511075.html,5
,恩施富硒大米,https://detail.tmall.com/item.htm?spm=a230r.1.14.25.696a52c3DaljI5&id=659551637134&ns=1&abbucket=8,5
,恩施富硒大米,https://item.taobao.com/item.htm?spm=a230r.1.14.63.696a52c3DaljI5&id=659630523429&ns=1&abbucket=8#detail,5
江西井冈山,吉田井冈山1号香粘大米,https://item.jd.com/100021259386.html#crumb-wrap,10
江西井冈山,吉田井冈山2号香粘大米,https://item.jd.com/10028218235444.html,10
江西井冈山,吉田井冈山3号香粘大米,https://detail.tmall.com/item.htm?spm=a220m.1000858.1000725.6.19724af0RpMOsp&id=635788139454&areaId=310100&user_id=2209983333275&cat_id=2&is_b=1&rn=e8e37aa984003d8047c3903d99830495,10
江西井冈山,吉田井冈山4号香粘大米,https://item.jd.com/10038025147942.html,10
江西井冈山,吉田井冈山5号香粘大米,https://item.jd.com/10031301374626.html,10
江西井冈山,吉田井冈山6号香粘大米,https://detail.tmall.com/item.htm?spm=a230r.1.14.30.47e435d4hB53zD&id=661806674179&ns=1&abbucket=13,10
江西奉新,奉新大米,https://item.jd.com/10047743913571.html,10
江西奉新,奉新大米,https://item.jd.com/10038022469585.html,10
江西奉新,奉新大米,https://detail.tmall.com/item.htm?spm=a230r.1.14.16.25333797FZSHM9&id=610942185103&ns=1&abbucket=5,10
江西奉新,奉新大米,https://item.jd.com/10034532163203.html,10
江西奉新,奉新大米,https://item.jd.com/10047730856728.html,10
江西奉新,奉新大米,https://item.jd.com/10046410303623.html,10
江西奉新,奉新大米,https://item.jd.com/10047352953918.html,10
江西万年,千岁好有机山茶油,https://item.jd.com/3205384.html,3
江西万年,千岁好有机山茶油,https://item.taobao.com/item.htm?spm=a230r.1.14.97.3aa61419IfRhiH&id=616458520955&ns=1&abbucket=14#detail,3
江西万年,千岁好有机山茶油,https://item.jd.com/56767643150.html,2
江西万年,千岁好有机山茶油,https://chaoshi.detail.tmall.com/item.htm?spm=a230r.1.14.7.3aa61419IfRhiH&id=602513103861&ns=1&abbucket=14,2
江西万年,千岁好有机山茶油,https://detail.tmall.com/item.htm?spm=a230r.1.14.19.3aa61419IfRhiH&id=603887360511&ns=1&abbucket=14,2
江西万年,千岁好有机山茶油,https://detail.tmall.com/item.htm?spm=a230r.1.14.25.3aa61419IfRhiH&id=618684965038&ns=1&abbucket=14,2
江西万年,千岁好有机山茶油,https://item.jd.com/10045117777855.html,2
江西万年,千岁好有机山茶油,https://item.taobao.com/item.htm?spm=a230r.1.14.149.3aa61419IfRhiH&id=660272779198&ns=1&abbucket=14#detail,2
,江西宜春润心山茶油 ,https://item.jd.com/3206436.html,2
,江西宜春润心山茶油 ,https://item.jd.com/69094217121.html,2
,江西宜春润心山茶油 ,https://item.jd.com/10020086522864.html,2
,江西宜春润心山茶油 ,https://item.jd.com/21462540559.html,2
,江西宜春润心山茶油 ,https://item.jd.com/10038619037761.html,2
,江西宜春润心山茶油 ,https://item.jd.com/10047497457606.html,2
,江西宜春润心山茶油 ,https://item.jd.com/10043328611919.html,2
,江西宜春润心山茶油 ,https://item.jd.com/10044164038682.html,2
,江西宜春润心山茶油 ,https://item.jd.com/10044880282203.html,2
,广西河池市巴马巴马山茶油,https://item.jd.com/100000317287.html#crumb-wrap,2
,广西河池市巴马巴马山茶油,https://item.taobao.com/item.htm?spm=a230r.1.14.66.4a661d31yGna26&id=663750700578&ns=1&abbucket=14#detail,2
,广西河池市巴马巴马山茶油,https://item.taobao.com/item.htm?spm=a230r.1.14.126.4a661d31yGna26&id=664290705251&ns=1&abbucket=14#detail,2
,广西河池市巴马巴马山茶油,https://item.taobao.com/item.htm?spm=a230r.1.14.168.4a661d31yGna26&id=665326754151&ns=1&abbucket=14#detail,2
,广西河池市巴马巴马山茶油,https://item.taobao.com/item.htm?spm=a230r.1.14.195.4a661d31yGna26&id=663340260061&ns=1&abbucket=14#detail,2
,湖南大三湘山茶油,https://detail.tmall.com/item.htm?spm=a230r.1.14.13.37a46e0bWwFKjp&id=611178490337&ns=1&abbucket=14,1
,湖南大三湘山茶油,https://item.taobao.com/item.htm?spm=a230r.1.14.32.37a46e0bWwFKjp&id=615319301651&ns=1&abbucket=14#detail,1
,湖南大三湘山茶油,https://item.taobao.com/item.htm?spm=a230r.1.14.42.37a46e0bWwFKjp&id=663876532775&ns=1&abbucket=14#detail,1
,湖南大三湘山茶油,https://detail.tmall.com/item.htm?spm=a230r.1.14.155.37a46e0bWwFKjp&id=666875531264&ns=1&abbucket=14,1
,湖南大三湘山茶油,https://item.jd.com/65353758493.html,1
,江西赣之村秋味坊山茶油,https://item.jd.com/10849908319.html,2
,江西赣之村秋味坊山茶油,https://item.jd.com/10036078961038.html,2
,江西赣之村秋味坊山茶油,https://item.jd.com/10037035298096.html,2
,江西赣之村秋味坊山茶油,https://detail.tmall.com/item.htm?spm=a230r.1.14.18.2974773ew3AYWW&id=665923710787&ns=1&abbucket=14&skuId=4794725860164,2
,江西赣之村秋味坊山茶油,https://item.taobao.com/item.htm?spm=a230r.1.14.60.339f3364NyZGlJ&id=671751822629&ns=1&abbucket=5#detail,2
,江西赣之村秋味坊山茶油,https://item.taobao.com/item.htm?spm=a230r.1.14.28.339f3364NyZGlJ&id=665775516911&ns=1&abbucket=5#detail,2.5
,江西赣之村秋味坊山茶油,https://detail.tmall.com/item.htm?spm=a230r.1.14.64.2d521db00rnn3W&id=595041262929&ns=1&abbucket=5,5
,南昌赣江野山茶油,https://item.jd.com/1030004082.html,5
,南昌赣江野山茶油,https://item.jd.com/16926865708.html,5
,南昌赣江野山茶油,https://detail.tmall.com/item.htm?spm=a230r.1.14.3.24457befAEevfH&id=12963088137&ns=1&abbucket=4,5
,南昌赣江野山茶油,https://detail.tmall.com/item.htm?spm=a230r.1.14.15.24457befAEevfH&id=595041262929&ns=1&abbucket=4,5
,南昌赣江野山茶油,https://chaoshi.detail.tmall.com/item.htm?spm=a230r.1.14.63.24457befAEevfH&id=642225833781&ns=1&abbucket=4,5
,南昌赣江野山茶油,https://item.taobao.com/item.htm?spm=a230r.1.14.117.24457befAEevfH&id=666009364693&ns=1&abbucket=4#detail,5
,南昌赣江野山茶油,https://detail.tmall.com/item.htm?spm=a230r.1.14.185.24457befAEevfH&id=570100971835&ns=1&abbucket=4,5
江西奉新,江西奉新猕猴桃,https://item.taobao.com/item.htm?spm=a1z10.1-c.w4004-14713413554.8.70b05c0c4eXbjV&id=653649175785,5
江西奉新,江西奉新猕猴桃,https://item.taobao.com/item.htm?spm=2636k.1.14.36.6b01468cb6pTP2&id=671338542980&ns=1&abbucket=11#detail,5
江西奉新,江西奉新猕猴桃,https://item.taobao.com/item.htm?spm=2636k.1.14.41.6b01468cb6pTP2&id=670694736485&ns=1&abbucket=11#detail,5
江西奉新,江西奉新猕猴桃,https://item.taobao.com/item.htm?spm=2636k.1.14.46.6b01468cb6pTP2&id=671788483314&ns=1&abbucket=11#detail,5
,四川黄心猕猴桃,https://detail.tmall.com/item.htm?spm=a230r.1.14.16.6c6d22f4xL0EeM&id=651615457356&ns=1&abbucket=2&skuId=4889850142644,5
,四川黄心猕猴桃,https://detail.tmall.com/item.htm?spm=a230r.1.14.22.6c6d22f4xL0EeM&id=649161358077&ns=1&abbucket=2&skuId=4992071942881,5
,四川黄心猕猴桃,https://detail.tmall.com/item.htm?spm=a230r.1.14.40.6c6d22f4xL0EeM&id=656546794486&ns=1&abbucket=2&skuId=5007964402956,5
,贵州修文猕猴桃,https://item.taobao.com/item.htm?spm=a230r.1.14.151.6c6d22f4xL0EeM&id=654694487780&ns=1&abbucket=2#detail,5
,贵州修文猕猴桃,https://item.taobao.com/item.htm?spm=a230r.1.14.42.295920360OKtjy&id=661213290384&ns=1&abbucket=20#detail,5
,贵州修文猕猴桃,https://item.taobao.com/item.htm?spm=a230r.1.14.47.295920360OKtjy&id=663834616060&ns=1&abbucket=20#detail,5
,贵州修文猕猴桃,https://item.taobao.com/item.htm?spm=a230r.1.14.52.295920360OKtjy&id=669813966259&ns=1&abbucket=20#detail,5
,四川蒲江红心猕猴桃,https://item.taobao.com/item.htm?spm=a230r.1.14.11.13da4c29p6hG7r&id=597348010299&ns=1&abbucket=17#detail,5
,四川蒲江红心猕猴桃,https://detail.tmall.com/item.htm?spm=a230r.1.14.22.13da4c29p6hG7r&id=650289298377&ns=1&abbucket=17&skuId=4860966203691,5
,四川蒲江红心猕猴桃,https://item.taobao.com/item.htm?spm=a230r.1.14.85.13da4c29p6hG7r&id=656539930517&ns=1&abbucket=17#detail,5
,四川蒲江红心猕猴桃,https://item.taobao.com/item.htm?spm=a230r.1.14.63.13da4c29p6hG7r&id=574330410070&ns=1&abbucket=17#detail,5
,四川蒲江红心猕猴桃,https://item.taobao.com/item.htm?spm=a230r.1.14.106.13da4c29p6hG7r&id=659531854917&ns=1&abbucket=17#detail,5
,四川蒲江红心猕猴桃,https://item.jd.com/10020060299343.html#crumb-wrap,5
,四川蒲江红心猕猴桃,https://item.jd.com/10036195084797.html#crumb-wrap,5
,四川蒲江红心猕猴桃,https://item.jd.com/10033414874479.html,5
,四川蒲江红心猕猴桃,https://item.jd.com/10043621755495.html#crumb-wrap,3.6
,四川蒲江红心猕猴桃,https://item.jd.com/10040452247799.html#crumb-wrap,6
,陕西徐香猕猴桃,https://detail.tmall.com/item.htm?spm=3570q.1.14.96.515618a92XCChq&id=626358835541&ns=1&abbucket=11&skuId=4819999081327,5
,陕西徐香猕猴桃,https://detail.tmall.com/item.htm?spm=1333q.1.14.16.34b145a2w201fs&id=662089413083&ns=1&abbucket=11&skuId=4946308682415,5
,陕西徐香猕猴桃,https://detail.tmall.com/item.htm?spm=3570q.1.14.96.515618a92XCChq&id=626358835541&ns=1&abbucket=11&skuId=4819999081329,5
,陕西徐香猕猴桃,https://item.jd.com/32069534899.html,5
,陕西徐香猕猴桃,https://item.jd.com/10038146546449.html#crumb-wrap,5
,陕西徐香猕猴桃,https://item.jd.com/10049568762515.html#crumb-wrap,5
,陕西徐香猕猴桃,https://item.jd.com/10038597040776.html#none,5
,陕西徐香猕猴桃,https://item.jd.com/10044056181783.html#crumb-wrap,5
江西井冈山,江西井冈山蜜柚,https://item.taobao.com/item.htm?spm=a230r.1.14.16.794747f208QxZm&id=665381781073&ns=1&abbucket=3#detail,5
江西井冈山,江西井冈山蜜柚,https://detail.tmall.com/item.htm?spm=a230r.1.14.52.794747f208QxZm&id=665711070735&ns=1&abbucket=3&skuId=4793254908585,5
江西井冈山,江西井冈山蜜柚,https://item.taobao.com/item.htm?spm=a230r.1.14.90.794747f208QxZm&id=656319006128&ns=1&abbucket=3#detail,5
,福建漳州红心蜜柚,https://item.taobao.com/item.htm?spm=a230r.1.14.54.6c2f3f99JAaqTt&id=636134045026&ns=1&abbucket=19#detail,10
,福建漳州红心蜜柚,https://item.taobao.com/item.htm?spm=a230r.1.14.49.6c2f3f99JAaqTt&id=665505845474&ns=1&abbucket=19#detail,9
,福建漳州红心蜜柚,https://item.taobao.com/item.htm?spm=a230r.1.14.44.6c2f3f99JAaqTt&id=656065702004&ns=1&abbucket=19#detail,9
,福建漳州红心蜜柚,https://item.taobao.com/item.htm?spm=a230r.1.14.39.6c2f3f99JAaqTt&id=669325046390&ns=1&abbucket=19#detail,9
,福建漳州红心蜜柚,https://item.taobao.com/item.htm?spm=a230r.1.14.49.6c2f3f99JAaqTt&id=665505845474&ns=1&abbucket=19#detail,9
,广西容县沙田柚,https://item.taobao.com/item.htm?spm=a230r.1.14.138.3fc5c698IRlLlu&id=538050588313&ns=1&abbucket=19#detail,10
,广西容县沙田柚,https://item.taobao.com/item.htm?spm=a230r.1.14.16.3fc5c698IRlLlu&id=553596177420&ns=1&abbucket=19#detail,12
,广西容县沙田柚,https://item.taobao.com/item.htm?spm=a230r.1.14.133.3fc5c698IRlLlu&id=605028997165&ns=1&abbucket=19#detail,12
,广西容县沙田柚,https://item.taobao.com/item.htm?spm=a230r.1.14.144.3fc5c698IRlLlu&id=670434615080&ns=1&abbucket=19#detail,12
,福建度尾文旦柚,https://item.taobao.com/item.htm?spm=a230r.1.14.16.256f4c743s0zRH&id=657180557461&ns=1&abbucket=19#detail,10
,福建度尾文旦柚,https://detail.tmall.com/item.htm?spm=a230r.1.14.58.256f4c743s0zRH&id=666056955846&ns=1&abbucket=19&skuId=4793117540740,10
,福建度尾文旦柚,https://item.taobao.com/item.htm?spm=a230r.1.14.64.256f4c743s0zRH&id=657892652482&ns=1&abbucket=19#detail,10
,福建度尾文旦柚,https://detail.tmall.com/item.htm?spm=a230r.1.14.69.256f4c743s0zRH&id=665454105245&ns=1&abbucket=19&skuId=4800792001788,10
,福建度尾文旦柚,https://item.taobao.com/item.htm?spm=a230r.1.14.96.256f4c743s0zRH&id=660869019592&ns=1&abbucket=19#detail,10
,福建度尾文旦柚,https://item.taobao.com/item.htm?spm=a230r.1.14.122.256f4c743s0zRH&id=655063500094&ns=1&abbucket=19#detail,10
,福建度尾文旦柚,https://item.jd.com/10047109480905.html,10
,福建度尾文旦柚,https://item.jd.com/10044833653663.html,10
,广东梅州沙田柚,https://item.taobao.com/item.htm?spm=a230r.1.14.164.755986b2s3apEo&id=670244620259&ns=1&abbucket=3#detail,10
,广东梅州沙田柚,https://item.taobao.com/item.htm?spm=a230r.1.14.225.755986b2s3apEo&id=628862629997&ns=1&abbucket=3#detail,10
江西丰城,江西新鲜脚板薯,https://item.taobao.com/item.htm?spm=a1z2k.11010449.931864.6.ced9509d9JPCVN&scm=1007.13982.82927.0&id=566327774973&last_time=1649088029,5
江西丰城,江西新鲜脚板薯,https://item.taobao.com/item.htm?spm=a1z0k.7628869.0.0.37b737dew8P1VS&id=605895669654&_u=t2dmg8j26111,5
江西丰城,江西新鲜脚板薯,https://item.taobao.com/item.htm?spm=a1z0k.7628869.0.0.37b737dew8P1VS&id=649981205451&_u=t2dmg8j26111,5
江西丰城,江西新鲜脚板薯,https://item.taobao.com/item.htm?spm=a230r.1.14.7.88ca75ba3Rw0Vs&id=36720024701&ns=1&abbucket=20#detail,5
,广东肇庆新鲜脚板薯,https://item.taobao.com/item.htm?spm=a230r.1.14.31.213f75baZ499V9&id=544722376450&ns=1&abbucket=10#detail,5
,广东肇庆新鲜脚板薯,https://item.taobao.com/item.htm?spm=a230r.1.14.1.213f75baZ499V9&id=576559752519&ns=1&abbucket=10#detail,5
,广东肇庆新鲜脚板薯,https://item.taobao.com/item.htm?spm=a230r.1.14.101.213f75baZ499V9&id=652066113221&ns=1&abbucket=10#detail,5
,广东肇庆新鲜脚板薯,https://item.taobao.com/item.htm?spm=a230r.1.14.16.213f75baZ499V9&id=670267512879&ns=1&abbucket=10#detail,5
,广东肇庆新鲜脚板薯,https://item.taobao.com/item.htm?spm=a230r.1.14.153.213f75baZ499V9&id=670249025162&ns=1&abbucket=10#detail,5
,江西赣州脚板薯,https://detail.tmall.com/item.htm?spm=a230r.1.14.11.213f75ba9B74Vs&id=609531035932&ns=1&abbucket=10,5
,江西赣州脚板薯,https://item.taobao.com/item.htm?spm=a230r.1.14.32.213f75ba9B74Vs&id=651476971983&ns=1&abbucket=10#detail,5
,江西赣州脚板薯,https://detail.tmall.com/item.htm?spm=a230r.1.14.37.213f75ba9B74Vs&id=627161868589&ns=1&abbucket=10&skuId=4450997208389,5
,江西赣州脚板薯,https://item.taobao.com/item.htm?spm=a230r.1.14.58.213f75ba9B74Vs&id=625371127927&ns=1&abbucket=10#detail,5
,广东省茂名市脚板薯,https://item.taobao.com/item.htm?spm=a230r.1.14.240.213f75ba9B74Vs&id=656494293518&ns=1&abbucket=10#detail,5
,广东省茂名市脚板薯,https://item.taobao.com/item.htm?spm=a230r.1.14.137.213f75ba9B74Vs&id=656922402715&ns=1&abbucket=10#detail,5
,广东省茂名市脚板薯,https://item.taobao.com/item.htm?spm=a230r.1.14.106.213f75ba9B74Vs&id=658227913690&ns=1&abbucket=10#detail,5
,广东省茂名市脚板薯,https://item.taobao.com/item.htm?spm=a230r.1.14.111.213f75ba9B74Vs&id=658329321981&ns=1&abbucket=10#detail,5
,广东省茂名市脚板薯,https://item.taobao.com/item.htm?spm=a230r.1.14.53.213f75ba9B74Vs&id=21692671788&ns=1&abbucket=10#detail,5
,广西玉林新鲜脚板薯,https://item.taobao.com/item.htm?spm=a230r.1.14.26.213f75baZ499V9&id=607329653176&ns=1&abbucket=10#detail,5
,广西玉林新鲜脚板薯,https://item.taobao.com/item.htm?spm=a230r.1.14.1.213f75baZ499V9&id=636305178859&ns=1&abbucket=10#detail,5
,广西玉林新鲜脚板薯,https://item.taobao.com/item.htm?spm=a230r.1.14.6.213f75baZ499V9&id=607425593524&ns=1&abbucket=10#detail,5
,广西玉林新鲜脚板薯,https://item.taobao.com/item.htm?spm=a230r.1.14.16.213f75baZ499V9&id=667511659053&ns=1&abbucket=10#detail,5
,广西玉林新鲜脚板薯,https://item.taobao.com/item.htm?spm=a230r.1.14.51.213f75baZ499V9&id=584941382475&ns=1&abbucket=10#detail,5
四川屏山,四川屏山炒青特级,https://item.jd.com/10044911285265.html,0.5
四川屏山,四川屏山炒青特级,https://item.jd.com/10044908374697.html#product-detail,0.5
四川屏山,四川屏山炒青特级,https://item.jd.com/10042678125344.html,1
四川屏山,四川屏山炒青特级,https://item.jd.com/10044402576893.html,1
四川屏山,四川屏山炒青特级,https://item.taobao.com/item.htm?spm=a230r.1.14.28.61b8697etWAg8s&id=618732123688&ns=1&abbucket=4#detail,1
四川屏山,四川屏山炒青特级,https://item.taobao.com/item.htm?spm=a230r.1.14.48.61b8697etWAg8s&id=616274607487&ns=1&abbucket=4#detail,1
四川屏山,四川屏山炒青特级,https://item.taobao.com/item.htm?spm=a230r.1.14.130.61b8697etWAg8s&id=668795120474&ns=1&abbucket=4#detail,1
四川屏山,四川屏山炒青特级,https://item.taobao.com/item.htm?spm=a230r.1.14.83.61b8697etWAg8s&id=645353420386&ns=1&abbucket=4#detail,1
,贵州都匀毛尖绿茶,https://item.taobao.com/item.htm?spm=a230r.1.14.12.17e94a8dbcg6p8&id=633847838770&ns=1&abbucket=6#detail,1
,贵州都匀毛尖绿茶,https://item.taobao.com/item.htm?spm=a230r.1.14.17.17e94a8dbcg6p8&id=565948617359&ns=1&abbucket=6#detail,1
,贵州都匀毛尖绿茶,https://item.taobao.com/item.htm?spm=a230r.1.14.28.17e94a8dbcg6p8&id=611391492484&ns=1&abbucket=6#detail,1
,贵州都匀毛尖绿茶,https://item.taobao.com/item.htm?spm=a230r.1.14.33.17e94a8dbcg6p8&id=603425227689&ns=1&abbucket=6#detail,1
,贵州都匀毛尖绿茶,https://detail.tmall.com/item.htm?spm=a230r.1.14.115.17e94a8dbcg6p8&id=626285412571&ns=1&abbucket=6&skuId=4916649139293,1
,贵州都匀毛尖绿茶,https://detail.tmall.com/item.htm?spm=a230r.1.14.144.17e94a8dbcg6p8&id=653045395932&ns=1&abbucket=6,1
,贵州都匀毛尖绿茶,https://item.taobao.com/item.htm?spm=a230r.1.14.180.17e94a8dbcg6p8&id=656580948629&ns=1&abbucket=6#detail,1
,贵州都匀毛尖绿茶,https://detail.tmall.com/item.htm?spm=a230r.1.14.195.17e94a8dbcg6p8&id=651890746314&ns=1&abbucket=6,1
,贵州都匀毛尖绿茶,https://item.taobao.com/item.htm?spm=a230r.1.14.121.17e94a8dbcg6p8&id=527476517908&ns=1&abbucket=6#detail,0.5
,浙江湖州安吉白茶1级,https://item.taobao.com/item.htm?spm=a230r.1.14.35.525a9568sGRcc5&id=641790711584&ns=1&abbucket=14#detail,1
,浙江湖州安吉白茶1级,https://item.taobao.com/item.htm?spm=a230r.1.14.84.525a9568sGRcc5&id=653077210997&ns=1&abbucket=14#detail,1
,浙江湖州安吉白茶1级,https://item.taobao.com/item.htm?spm=a230r.1.14.155.525a9568sGRcc5&id=664064793207&ns=1&abbucket=14#detail,1
,浙江湖州安吉白茶1级,https://item.taobao.com/item.htm?spm=a230r.1.14.129.525a9568sGRcc5&id=611880073992&ns=1&abbucket=14#detail,0.5
,浙江湖州安吉白茶1级,https://item.taobao.com/item.htm?spm=a230r.1.14.160.525a9568sGRcc5&id=628424523569&ns=1&abbucket=14#detail,0.5
,浙江湖州安吉白茶1级,https://item.taobao.com/item.htm?spm=a230r.1.14.107.525a9568sGRcc5&id=613138064305&ns=1&abbucket=14#detail,0.4
,安徽黄山毛峰特级,https://detail.tmall.com/item.htm?spm=a230r.1.14.11.7ee672149bK065&id=644283497787&ns=1&abbucket=14,1
,安徽黄山毛峰特级,https://detail.tmall.com/item.htm?spm=a230r.1.14.17.7ee672149bK065&id=643390220506&ns=1&abbucket=14,1
,安徽黄山毛峰特级,https://detail.tmall.com/item.htm?spm=a230r.1.14.160.7ee672149bK065&id=641001245255&ns=1&abbucket=14,1
,安徽黄山毛峰特级,https://detail.tmall.com/item.htm?spm=a230r.1.14.23.7ee672149bK065&id=651618710176&ns=1&abbucket=14,1
,安徽黄山毛峰特级,https://item.taobao.com/item.htm?spm=a230r.1.14.179.7ee672149bK065&id=671424462724&ns=1&abbucket=14#detail,1
,安徽黄山毛峰特级,https://detail.tmall.com/item.htm?spm=a230r.1.14.58.7ee672149bK065&id=586128213478&ns=1&abbucket=14,1
,安徽黄山毛峰特级,https://item.taobao.com/item.htm?spm=a230r.1.14.93.7ee672149bK065&id=670072527956&ns=1&abbucket=14#detail,1
,安徽黄山毛峰特级,https://item.taobao.com/item.htm?spm=a230r.1.14.127.7ee672149bK065&id=594319698645&ns=1&abbucket=14#detail,1
,浙江龙井1级,https://item.jd.com/1003356574.html,0.5
,浙江龙井1级,https://item.jd.com/100020587841.html,0.5
,浙江龙井1级,https://item.jd.com/100006492641.html,0.5
,浙江龙井1级,https://item.jd.com/100012558171.html,0.5
,浙江龙井1级,https://detail.tmall.com/item.htm?spm=a230r.1.14.67.b98c2565TaXjxA&id=2253245400&ns=1&abbucket=4,0.5
,浙江龙井1级,https://item.taobao.com/item.htm?spm=a230r.1.14.49.b98c2565TaXjxA&id=532115701219&ns=1&abbucket=4#detail,0.5
,浙江龙井1级,https://detail.tmall.com/item.htm?spm=a230r.1.14.30.b98c2565TaXjxA&id=39317566890&ns=1&abbucket=4,0.5
,浙江龙井1级,https://item.taobao.com/item.htm?spm=a230r.1.14.156.b98c2565TaXjxA&id=6642672449&ns=1&abbucket=4#detail,0.5
,浙江龙井1级,https://item.jd.com/69672415491.html,0.4
,浙江龙井1级,https://item.jd.com/100020098814.html,0.4
,浙江龙井1级,https://item.jd.com/3462538.html,0.4
,浙江龙井1级,https://item.jd.com/6554477.html,0.4
,浙江龙井1级,https://detail.tmall.com/item.htm?spm=a230r.1.14.3.b98c2565TaXjxA&id=588464475150&ns=1&abbucket=4,0.4
,浙江龙井1级,https://item.jd.com/42410650955.html,1
四川屏山,四川宜宾屏山茵红李,https://item.jd.com/25776897411.html,5
四川屏山,四川宜宾屏山茵红李,https://item.taobao.com/item.htm?spm=a230r.1.14.11.6cdf20f4z9YjJt&id=634661791725&ns=1&abbucket=6#detail,5
四川屏山,四川宜宾屏山茵红李,https://item.taobao.com/item.htm?spm=a230r.1.14.21.6cdf20f4z9YjJt&id=649536298409&ns=1&abbucket=6#detail,5
四川屏山,四川宜宾屏山茵红李,https://item.taobao.com/item.htm?spm=a230r.1.14.6.6cdf20f4z9YjJt&id=670587993159&ns=1&abbucket=6#detail,5
四川屏山,四川宜宾屏山茵红李,https://item.jd.com/30705205410.html,5
,重庆巫山脆李,https://item.taobao.com/item.htm?spm=a230r.1.14.26.444d7646gtPv6H&id=658256236943&ns=1&abbucket=6#detail,5
,重庆巫山脆李,https://item.taobao.com/item.htm?spm=a230r.1.14.31.444d7646gtPv6H&id=652884416963&ns=1&abbucket=6#detail,5
,重庆巫山脆李,https://item.taobao.com/item.htm?spm=a230r.1.14.41.444d7646gtPv6H&id=655277783481&ns=1&abbucket=6#detail,5
,重庆巫山脆李,https://item.taobao.com/item.htm?spm=a230r.1.14.58.444d7646gtPv6H&id=573469072091&ns=1&abbucket=6#detail,5
,重庆巫山脆李,https://item.taobao.com/item.htm?spm=a230r.1.14.78.444d7646gtPv6H&id=660744785587&ns=1&abbucket=6#detail,5
,重庆巫山脆李,https://item.taobao.com/item.htm?spm=a230r.1.14.108.444d7646gtPv6H&id=656719229520&ns=1&abbucket=6#detail,5
,重庆巫山脆李,https://item.jd.com/10049544815485.html#crumb-wrap,5
,广东茂名三华李,https://detail.tmall.com/item.htm?spm=a230r.1.14.1.10422344Ripw1T&id=639082684354&ns=1&abbucket=6&skuId=4829546117344,5
,广东茂名三华李,https://item.taobao.com/item.htm?spm=a230r.1.14.73.10422344Ripw1T&id=668808881929&ns=1&abbucket=6#detail,5
,广东茂名三华李,https://item.jd.com/10049082819328.html,5
,广东茂名三华李,https://item.jd.com/10048133515154.html#crumb-wrap,5
,福建三月李,https://item.taobao.com/item.htm?spm=a230r.1.14.27.5c584d9cwZz529&id=633845100538&ns=1&abbucket=6#detail,5
,福建三月李,https://item.taobao.com/item.htm?spm=a230r.1.14.32.5c584d9cwZz529&id=668680904762&ns=1&abbucket=6#detail,5
,福建三月李,https://item.taobao.com/item.htm?spm=a230r.1.14.43.5c584d9cwZz529&id=669418954339&ns=1&abbucket=6#detail,5
,福建三月李,https://item.taobao.com/item.htm?spm=a230r.1.14.48.5c584d9cwZz529&id=671472543066&ns=1&abbucket=6#detail,5
,福建三月李,https://item.taobao.com/item.htm?spm=a230r.1.14.53.5c584d9cwZz529&id=646325742735&ns=1&abbucket=6#detail,5
,福建三月李,https://detail.tmall.com/item.htm?spm=a230r.1.14.63.5c584d9cwZz529&id=671587583989&ns=1&abbucket=6&skuId=4826478612918,5
,福建三月李,https://item.taobao.com/item.htm?spm=a230r.1.14.69.5c584d9cwZz529&id=670662016339&ns=1&abbucket=6#detail,5
,福建三月李,https://item.taobao.com/item.htm?spm=a230r.1.14.74.5c584d9cwZz529&id=670104485370&ns=1&abbucket=6#detail,5
,福建三月李,https://item.jd.com/10047804797689.html#crumb-wrap,5
,福建三月李,https://item.jd.com/10027922518767.html,5
,贵州镇宁蜂糖李,https://item.taobao.com/item.htm?spm=a230r.1.14.16.705747da6QYLO3&id=671066054513&ns=1&abbucket=6#detail,
,贵州镇宁蜂糖李,https://item.taobao.com/item.htm?spm=a230r.1.14.22.705747da6QYLO3&id=645245706353&ns=1&abbucket=6#detail,
,贵州镇宁蜂糖李,https://item.taobao.com/item.htm?spm=a230r.1.14.27.705747da6QYLO3&id=670053445771&ns=1&abbucket=6#detail,
,贵州镇宁蜂糖李,https://item.taobao.com/item.htm?spm=a230r.1.14.32.705747da6QYLO3&id=648397630638&ns=1&abbucket=6#detail,
,贵州镇宁蜂糖李,https://item.taobao.com/item.htm?spm=a230r.1.14.42.705747da6QYLO3&id=670625576844&ns=1&abbucket=6#detail,
,贵州镇宁蜂糖李,https://item.taobao.com/item.htm?spm=a230r.1.14.48.705747da6QYLO3&id=613743125242&ns=1&abbucket=6#detail,
,贵州镇宁蜂糖李,https://item.taobao.com/item.htm?spm=a230r.1.14.58.705747da6QYLO3&id=670450754061&ns=1&abbucket=6#detail,
,贵州镇宁蜂糖李,https://item.taobao.com/item.htm?spm=a230r.1.14.108.705747da6QYLO3&id=669803966286&ns=1&abbucket=6#detail,
,贵州镇宁蜂糖李,https://item.taobao.com/item.htm?spm=a230r.1.14.168.705747da6QYLO3&id=650616225010&ns=1&abbucket=6#detail,
,贵州镇宁蜂糖李,https://item.jd.com/10048887092525.html,
,贵州镇宁蜂糖李,https://item.jd.com/10048860583033.html,
江西永新,永新红辣椒干,https://item.taobao.com/item.htm?spm=2013.1.w4023-16075084923.10.596d15d204uz87&id=555633373767,0.5
江西永新,永新红辣椒干,https://item.taobao.com/item.htm?spm=2225l.1.14.26.5b9114b5A7hGGv&id=533879982198&ns=1&abbucket=7#detail,0.5
江西永新,永新红辣椒干,https://item.taobao.com/item.htm?spm=2225l.1.14.21.5b9114b5A7hGGv&id=547895870770&ns=1&abbucket=7#detail,1
江西永新,永新红辣椒干,https://item.taobao.com/item.htm?spm=2225l.1.14.36.5b9114b5A7hGGv&id=573898856804&ns=1&abbucket=7#detail,1
江西永新,永新红辣椒干,https://item.taobao.com/item.htm?spm=2225l.1.14.41.5b9114b5A7hGGv&id=601478082214&ns=1&abbucket=7#detail,1
江西永新,永新红辣椒干,https://item.taobao.com/item.htm?spm=2225l.1.14.46.5b9114b5A7hGGv&id=636918736185&ns=1&abbucket=7#detail,1
江西永新,永新红辣椒干,https://item.taobao.com/item.htm?spm=2225l.1.14.31.5b9114b5A7hGGv&id=522735020027&ns=1&abbucket=7#detail,1
,陕西宝鸡县 干辣椒,https://item.taobao.com/item.htm?spm=a230r.1.14.21.79b533fcoiRpwj&id=43901237439&ns=1&abbucket=14#detail,1
,陕西宝鸡县 干辣椒,https://item.taobao.com/item.htm?spm=a230r.1.14.31.79b533fcoiRpwj&id=548739398347&ns=1&abbucket=14#detail,1
,陕西宝鸡县 干辣椒,https://item.taobao.com/item.htm?spm=a230r.1.14.46.79b533fcoiRpwj&id=543430755608&ns=1&abbucket=14#detail,1
,陕西宝鸡县 干辣椒,https://item.taobao.com/item.htm?spm=a230r.1.14.51.79b533fcoiRpwj&id=606211528937&ns=1&abbucket=14#detail,1
,陕西宝鸡县 干辣椒,https://item.taobao.com/item.htm?spm=a230r.1.14.66.79b533fcoiRpwj&id=550232171372&ns=1&abbucket=14#detail,1
,陕西宝鸡县 干辣椒,https://item.taobao.com/item.htm?spm=a230r.1.14.76.79b533fcoiRpwj&id=669219522481&ns=1&abbucket=14#detail,1
,陕西宝鸡县 干辣椒,https://item.jd.com/10033690985470.html,1
,陕西宝鸡县 干辣椒,https://item.jd.com/10044426262365.html,1
,重庆石柱 干辣椒,https://item.taobao.com/item.htm?spm=a230r.1.14.128.649a49d6YXAiW3&id=563711326847&ns=1&abbucket=14#detail,1
,重庆石柱 干辣椒,https://item.taobao.com/item.htm?spm=a230r.1.14.101.649a49d6YXAiW3&id=591365004447&ns=1&abbucket=14#detail,1
,重庆石柱 干辣椒,https://item.taobao.com/item.htm?spm=a230r.1.14.91.649a49d6YXAiW3&id=670807605612&ns=1&abbucket=14#detail,1
,重庆石柱 干辣椒,https://item.taobao.com/item.htm?spm=a230r.1.14.79.649a49d6YXAiW3&id=560768473452&ns=1&abbucket=14#detail,1
,重庆石柱 干辣椒,https://item.taobao.com/item.htm?spm=a230r.1.14.67.649a49d6YXAiW3&id=668815974472&ns=1&abbucket=14#detail,1
,重庆石柱 干辣椒,https://item.taobao.com/item.htm?spm=a230r.1.14.39.649a49d6YXAiW3&id=538157643765&ns=1&abbucket=14#detail,1
,重庆石柱 干辣椒,https://item.taobao.com/item.htm?spm=a230r.1.14.45.649a49d6YXAiW3&id=542294274879&ns=1&abbucket=14#detail,1
,重庆石柱 干辣椒,https://item.taobao.com/item.htm?spm=a230r.1.14.17.649a49d6YXAiW3&id=583206634291&ns=1&abbucket=14#detail,1
,重庆石柱 干辣椒,https://item.taobao.com/item.htm?spm=a230r.1.14.11.649a49d6YXAiW3&id=623696429064&ns=1&abbucket=14#detail,1
,重庆石柱 干辣椒,https://item.taobao.com/item.htm?spm=a230r.1.14.194.649a49d6YXAiW3&id=569292508019&ns=1&abbucket=14#detail,1
,重庆石柱 干辣椒,https://item.jd.com/59496010994.html,1
,重庆石柱 干辣椒,https://item.jd.com/59496058591.html,1
,重庆石柱 干辣椒,https://item.taobao.com/item.htm?spm=a230r.1.14.209.649a49d6YXAiW3&id=16062736331&ns=1&abbucket=14#detail,0.5
,新疆沙湾 干辣椒,https://item.taobao.com/item.htm?spm=a230r.1.14.16.2b447db1deyoCG&id=27400180726&ns=1&abbucket=14#detail,1
,新疆沙湾 干辣椒,https://detail.tmall.com/item.htm?spm=a230r.1.14.21.2b447db1deyoCG&id=629904790776&ns=1&abbucket=14,1
,新疆沙湾 干辣椒,https://detail.tmall.com/item.htm?spm=a230r.1.14.27.2b447db1deyoCG&id=623118009048&ns=1&abbucket=14&skuId=4628860903311,1
,新疆沙湾 干辣椒,https://item.taobao.com/item.htm?spm=a230r.1.14.33.2b447db1deyoCG&id=584694195136&ns=1&abbucket=14#detail,1
,新疆沙湾 干辣椒,https://item.taobao.com/item.htm?spm=a230r.1.14.39.2b447db1deyoCG&id=592142007290&ns=1&abbucket=14#detail,1
,新疆沙湾 干辣椒,https://detail.tmall.com/item.htm?spm=a230r.1.14.49.2b447db1deyoCG&id=632886573818&ns=1&abbucket=14,1
,新疆沙湾 干辣椒,https://item.taobao.com/item.htm?spm=a230r.1.14.55.2b447db1deyoCG&id=41548704668&ns=1&abbucket=14#detail,1
,新疆沙湾 干辣椒,https://item.taobao.com/item.htm?spm=a230r.1.14.81.2b447db1deyoCG&id=649309678552&ns=1&abbucket=14#detail,1
,新疆沙湾 干辣椒,https://item.taobao.com/item.htm?spm=a230r.1.14.71.2b447db1deyoCG&id=670048565533&ns=1&abbucket=14#detail,1
,新疆沙湾 干辣椒,https://item.taobao.com/item.htm?spm=a230r.1.14.121.2b447db1deyoCG&id=642281700974&ns=1&abbucket=14#detail,1
,新疆沙湾 干辣椒,https://item.taobao.com/item.htm?spm=a230r.1.14.104.2b447db1deyoCG&id=598935609463&ns=1&abbucket=14#detail,1
,新疆沙湾 干辣椒,https://item.jd.com/46606258961.html,1
,河南新一代干辣椒,https://detail.tmall.com/item.htm?spm=a230r.1.14.11.46ec5645qwEIOn&id=621179934301&ns=1&abbucket=14,1
,河南新一代干辣椒,https://item.taobao.com/item.htm?spm=a230r.1.14.17.46ec5645qwEIOn&id=566978663693&ns=1&abbucket=14#detail,1
,河南新一代干辣椒,https://detail.tmall.com/item.htm?spm=a230r.1.14.23.46ec5645qwEIOn&id=624106081185&ns=1&abbucket=14&skuId=4590956595835,1
,河南新一代干辣椒,https://item.taobao.com/item.htm?spm=a230r.1.14.29.46ec5645qwEIOn&id=606206112120&ns=1&abbucket=14#detail,1
,河南新一代干辣椒,https://item.taobao.com/item.htm?spm=a230r.1.14.34.46ec5645qwEIOn&id=559688236925&ns=1&abbucket=14#detail,1
,河南新一代干辣椒,https://item.taobao.com/item.htm?spm=a230r.1.14.40.46ec5645qwEIOn&id=521074822760&ns=1&abbucket=14#detail,1
,河南新一代干辣椒,https://item.taobao.com/item.htm?spm=a230r.1.14.51.46ec5645qwEIOn&id=640007804010&ns=1&abbucket=14#detail,1
,河南新一代干辣椒,https://item.taobao.com/item.htm?spm=a230r.1.14.56.46ec5645qwEIOn&id=577286462189&ns=1&abbucket=14#detail,1
,河南新一代干辣椒,https://item.taobao.com/item.htm?spm=a230r.1.14.62.46ec5645qwEIOn&id=614211210884&ns=1&abbucket=14#detail,1
,河南新一代干辣椒,https://item.taobao.com/item.htm?spm=a230r.1.14.89.46ec5645qwEIOn&id=45851433745&ns=1&abbucket=14#detail,1
,河南新一代干辣椒,https://item.taobao.com/item.htm?spm=a230r.1.14.99.46ec5645qwEIOn&id=614373903686&ns=1&abbucket=14#detail,1
,河南新一代干辣椒,https://item.jd.com/47306886518.html,1
,湖南二荆条干辣椒,https://item.taobao.com/item.htm?spm=a230r.1.14.108.35b9770bBEanUD&id=588712511170&ns=1&abbucket=8#detail,1
,湖南二荆条干辣椒,https://item.taobao.com/item.htm?spm=a230r.1.14.92.35b9770bBEanUD&id=622833409917&ns=1&abbucket=8#detail,1
,湖南二荆条干辣椒,https://item.taobao.com/item.htm?spm=a230r.1.14.70.35b9770bBEanUD&id=644823666221&ns=1&abbucket=8#detail,1
,湖南二荆条干辣椒,https://item.taobao.com/item.htm?spm=a230r.1.14.65.35b9770bBEanUD&id=645561026708&ns=1&abbucket=8#detail,1
,湖南二荆条干辣椒,https://item.taobao.com/item.htm?spm=a230r.1.14.60.35b9770bBEanUD&id=612838762111&ns=1&abbucket=8#detail,1
,湖南二荆条干辣椒,https://item.taobao.com/item.htm?spm=a230r.1.14.8.35b9770bBEanUD&id=557814035983&ns=1&abbucket=8#detail,1
,湖南二荆条干辣椒,https://item.taobao.com/item.htm?spm=a230r.1.14.215.35b9770bBEanUD&id=631063706579&ns=1&abbucket=8#detail,1
,湖南二荆条干辣椒,https://item.taobao.com/item.htm?spm=a230r.1.14.220.35b9770bBEanUD&id=576025320445&ns=1&abbucket=8#detail,1
,湖南二荆条干辣椒,https://item.jd.com/10032092735045.html,1
,湖南二荆条干辣椒,https://item.jd.com/10032190714913.html,1
江西永新,永新酱姜,https://item.taobao.com/item.htm?spm=a230r.1.14.6.2e825a4cOH5rtc&id=589559363790&ns=1&abbucket=14#detail,1
江西永新,永新酱姜,https://item.taobao.com/item.htm?spm=a230r.1.14.11.2e825a4cOH5rtc&id=624054356286&ns=1&abbucket=14#detail,1
江西永新,永新酱姜,https://item.taobao.com/item.htm?spm=a230r.1.14.16.2e825a4cOH5rtc&id=631363332850&ns=1&abbucket=14#detail,1
江西永新,永新酱姜,https://item.taobao.com/item.htm?spm=a230r.1.14.90.14715a4ckGsuvw&id=655991336532&ns=1&abbucket=14#detail,1
江西永新,永新酱姜,https://item.taobao.com/item.htm?spm=a230r.1.14.85.14715a4ckGsuvw&id=659151616126&ns=1&abbucket=14#detail,1
江西永新,永新酱姜,https://item.jd.com/10043234425830.html,1
江西永新,永新酱姜,https://item.jd.com/10030685597727.html,1
江西永新,永新酱姜,https://item.jd.com/10022349411973.html,1
江西永新,永新酱姜,https://item.taobao.com/item.htm?spm=a230r.1.14.125.14715a4ckGsuvw&id=669397937546&ns=1&abbucket=14#detail,0.5
江西永新,永新酱姜,https://item.taobao.com/item.htm?spm=a230r.1.14.145.14715a4ckGsuvw&id=635821087843&ns=1&abbucket=14#detail,0.5
江西永新,永新酱姜,https://item.taobao.com/item.htm?spm=a230r.1.14.1.2e825a4cOH5rtc&id=555740504340&ns=1&abbucket=14#detail,0.5
江西永新,永新酱姜,https://item.taobao.com/item.htm?spm=a230r.1.14.1.2e825a4cOH5rtc&id=555740504340&ns=1&abbucket=14#detail,0.5
江西永新,永新酱姜,https://item.taobao.com/item.htm?spm=a230r.1.14.37.2e825a4cOH5rtc&id=534573776933&ns=1&abbucket=14#detail,0.5
,山东酱姜,https://detail.tmall.com/item.htm?spm=a230r.1.14.13.5697121a1Kfots&id=670018069806&ns=1&abbucket=14&skuId=4997488299988,1
,山东酱姜,https://detail.tmall.com/item.htm?spm=a230r.1.14.20.5697121a1Kfots&id=668860719433&ns=1&abbucket=14&skuId=4809076472230,1
,山东酱姜,https://detail.tmall.com/item.htm?spm=a230r.1.14.27.5697121a1Kfots&id=668606693495&ns=1&abbucket=14&skuId=4988691795191,1
,山东酱姜,https://detail.tmall.com/item.htm?spm=a230r.1.14.34.5697121a1Kfots&id=666462886112&ns=1&abbucket=14&skuId=4972486526266,1
,山东酱姜,https://detail.tmall.com/item.htm?spm=a230r.1.14.64.5697121a1Kfots&id=670074920182&ns=1&abbucket=14&skuId=4822727504470,1
,山东酱姜,https://item.taobao.com/item.htm?spm=a230r.1.14.76.5697121a1Kfots&id=670186510066&ns=1&abbucket=14#detail,1
,山东酱姜,https://detail.tmall.com/item.htm?spm=a230r.1.14.87.5697121a1Kfots&id=656808982458&ns=1&abbucket=14&skuId=4739541525163,1
,安徽铜陵酱姜,https://item.taobao.com/item.htm?spm=a230r.1.14.178.2d6d71adklCflY&id=622436636063&ns=1&abbucket=6#detail,2
,安徽铜陵酱姜,https://item.taobao.com/item.htm?spm=a230r.1.14.27.2d6d71adklCflY&id=644093184745&ns=1&abbucket=6#detail,2
,安徽铜陵酱姜,https://item.taobao.com/item.htm?spm=a230r.1.14.16.2d6d71adklCflY&id=535381923613&ns=1&abbucket=6#detail,2
,安徽铜陵酱姜,https://item.taobao.com/item.htm?spm=a230r.1.14.103.2d6d71adklCflY&id=642976627117&ns=1&abbucket=6#detail,2
,安徽铜陵酱姜,https://item.taobao.com/item.htm?spm=a230r.1.14.141.2d6d71adklCflY&id=607566807046&ns=1&abbucket=6#detail,1.3
,安徽铜陵酱姜,https://detail.tmall.com/item.htm?spm=a230r.1.14.108.2d6d71adklCflY&id=607299120463&ns=1&abbucket=6&skuId=4437836679657,1.3
,安徽铜陵酱姜,https://detail.tmall.com/item.htm?spm=a230r.1.14.21.2d6d71adklCflY&id=43472818857&ns=1&abbucket=6,3.2
江西上高,宜春上高富硒皇菊,https://item.jd.com/10037452331402.html ,20
江西上高,宜春上高富硒皇菊,https://item.jd.com/10037313468260.html,36
江西上高,宜春上高富硒皇菊,https://item.jd.com/10037450145873.html,64
江西上高,宜春上高富硒皇菊,https://detail.tmall.com/item.htm?spm=a230r.1.14.54.98f3170fISjcX2&id=555756514935&ns=1&abbucket=10,20
江西上高,宜春上高富硒皇菊,https://detail.tmall.com/item.htm?spm=a230r.1.14.25.2b6d3c52Ac75os&id=551491858731&ns=1&abbucket=10,32
江西上高,宜春上高富硒皇菊,https://detail.tmall.com/item.htm?spm=a230r.1.14.31.2b6d3c52Ac75os&id=547756863337&ns=1&abbucket=10,20
江西上高,宜春上高富硒皇菊,https://detail.tmall.com/item.htm?spm=a230r.1.14.37.2b6d3c52Ac75os&id=562093716202&ns=1&abbucket=10,24
,宜春市富硒皇菊,https://item.jd.com/10030140993616.html,20
,宜春市富硒皇菊,https://item.jd.com/10043381413489.html,20
,宜春市富硒皇菊,https://item.jd.com/10049574230380.html,20
,宜春市富硒皇菊,https://item.jd.com/10046293313072.html,20
,黄山金丝皇菊特级,https://detail.tmall.com/item.htm?spm=a230r.1.14.132.51fc1ab9Vx7Rx9&id=615762820502&ns=1&abbucket=8&skuId=4515199601442,27
,黄山金丝皇菊特级,https://detail.tmall.com/item.htm?spm=a230r.1.14.84.51fc1ab9Vx7Rx9&id=633462822812&ns=1&abbucket=8&skuId=4692435166044,36
,黄山金丝皇菊特级,https://detail.tmall.com/item.htm?spm=a230r.1.14.96.51fc1ab9Vx7Rx9&id=666851323723&ns=1&abbucket=8,32
